[
  {
    "kind": "stroke",
    "id": "10d3fbd8-097a-4f3e-9f77-e185d8d09c98",
    "userId": "7f9c5b56-194e-4b4d-94f0-cbb9a13a2216",
    "tool": "eraser",
    "color": "#58a6ff",
    "size": 6,
    "path": [
      {
        "x": 952,
        "y": 219.203125,
        "size": 6
      },
      {
        "x": 952,
        "y": 219.203125,
        "size": 6
      },
      {
        "x": 952,
        "y": 219.203125,
        "size": 6
      },
      {
        "x": 952,
        "y": 219.203125,
        "size": 6
      }
    ]
  },
  {
    "kind": "stroke",
    "id": "321464f1-8eb1-43d5-820e-574a10404683",
    "userId": "77c8610a-1cfb-4053-9c64-f0635597acdd",
    "tool": "brush",
    "color": "#58a6ff",
    "size": 6,
    "path": [
      {
        "x": 261,
        "y": 293.203125,
        "size": 6
      },
      {
        "x": 272,
        "y": 301.2031555175781,
        "size": 6
      },
      {
        "x": 306,
        "y": 330.203125,
        "size": 6
      },
      {
        "x": 360,
        "y": 375.203125,
        "size": 6
      },
      {
        "x": 480,
        "y": 461.203125,
        "size": 6
      },
      {
        "x": 517.0000610351562,
        "y": 487.20318603515625,
        "size": 6
      },
      {
        "x": 548,
        "y": 506.203125,
        "size": 6
      },
      {
        "x": 565,
        "y": 514.203125,
        "size": 6
      },
      {
        "x": 586,
        "y": 522.2031860351562,
        "size": 6
      },
      {
        "x": 597.0000610351562,
        "y": 527.2031860351562,
        "size": 6
      },
      {
        "x": 602.0000610351562,
        "y": 529.203125,
        "size": 6
      },
      {
        "x": 610,
        "y": 532.2031860351562,
        "size": 6
      },
      {
        "x": 611,
        "y": 532.2031860351562,
        "size": 6
      }
    ]
  },
  {
    "kind": "stroke",
    "id": "1aae00a2-5397-4962-aecd-50c9c7db3f66",
    "userId": "77c8610a-1cfb-4053-9c64-f0635597acdd",
    "tool": "brush",
    "color": "#58a6ff",
    "size": 6,
    "path": [
      {
        "x": 337,
        "y": 483.203125,
        "size": 6
      },
      {
        "x": 344,
        "y": 475.203125,
        "size": 6
      },
      {
        "x": 366,
        "y": 445.203125,
        "size": 6
      },
      {
        "x": 379,
        "y": 433.203125,
        "size": 6
      },
      {
        "x": 394,
        "y": 418.203125,
        "size": 6
      },
      {
        "x": 401,
        "y": 408.203125,
        "size": 6
      },
      {
        "x": 410,
        "y": 401.2031555175781,
        "size": 6
      },
      {
        "x": 425,
        "y": 388.203125,
        "size": 6
      }
    ]
  },
  {
    "kind": "shape",
    "id": "78fa9ae1-e3e2-4af5-bd3a-ec5afe62b813",
    "userId": "308b9b98-8688-4e8c-9076-95cb5a1ab354",
    "color": "#58a6ff",
    "size": 6,
    "tool": "line",
    "x1": 198,
    "y1": 157.203125,
    "x2": 325,
    "y2": 223.203
  },
  {
    "kind": "shape",
    "id": "179eeb96-70d0-4a1a-bed0-6bb25cc655e0",
    "userId": "308b9b98-8688-4e8c-9076-95cb5a1ab354",
    "color": "#58a6ff",
    "size": 6,
    "tool": "line",
    "x1": 357.00006103515625,
    "y1": 108.20314025878906,
    "x2": 333,
    "y2": 198.203
  },
  {
    "kind": "text",
    "tool": "text",
    "color": "#58a6ff",
    "size": 6,
    "x": 497.00006103515625,
    "y": 224.203125,
    "text": "gxchgcjgvhbj",
    "id": "b97bfea6-aae0-469a-856f-18abce2a35c1",
    "userId": "308b9b98-8688-4e8c-9076-95cb5a1ab354"
  },
  {
    "kind": "stroke",
    "id": "531ef447-5879-4a82-a22a-c54fcbbbc6b3",
    "userId": "5eddb9d7-7b24-4c9c-bf40-4ae01f77e8b1",
    "tool": "brush",
    "color": "#58a6ff",
    "size": 6,
    "path": [
      {
        "x": 469,
        "y": 434.203125,
        "size": 6
      },
      {
        "x": 496,
        "y": 427.203125,
        "size": 6
      },
      {
        "x": 623,
        "y": 386.2031555175781,
        "size": 6
      },
      {
        "x": 809,
        "y": 344.203125,
        "size": 6
      },
      {
        "x": 868,
        "y": 335.203125,
        "size": 6
      },
      {
        "x": 928,
        "y": 327.203125,
        "size": 6
      },
      {
        "x": 974,
        "y": 320.203125,
        "size": 6
      },
      {
        "x": 985,
        "y": 317.203125,
        "size": 6
      },
      {
        "x": 987,
        "y": 314.203125,
        "size": 6
      },
      {
        "x": 989,
        "y": 311.2031555175781,
        "size": 6
      },
      {
        "x": 988,
        "y": 309.203125,
        "size": 6
      },
      {
        "x": 988,
        "y": 307.203125,
        "size": 6
      },
      {
        "x": 986,
        "y": 304.203125,
        "size": 6
      },
      {
        "x": 968,
        "y": 298.203125,
        "size": 6
      },
      {
        "x": 947,
        "y": 298.203125,
        "size": 6
      },
      {
        "x": 916,
        "y": 308.203125,
        "size": 6
      },
      {
        "x": 899,
        "y": 323.203125,
        "size": 6
      },
      {
        "x": 853,
        "y": 394.203125,
        "size": 6
      },
      {
        "x": 836,
        "y": 449.203125,
        "size": 6
      },
      {
        "x": 834,
        "y": 484.203125,
        "size": 6
      },
      {
        "x": 837,
        "y": 499.203125,
        "size": 6
      },
      {
        "x": 857,
        "y": 515.203125,
        "size": 6
      },
      {
        "x": 879,
        "y": 524.203125,
        "size": 6
      },
      {
        "x": 907,
        "y": 526.203125,
        "size": 6
      },
      {
        "x": 924,
        "y": 523.203125,
        "size": 6
      },
      {
        "x": 931,
        "y": 519.203125,
        "size": 6
      },
      {
        "x": 937,
        "y": 513.203125,
        "size": 6
      },
      {
        "x": 940,
        "y": 508.203125,
        "size": 6
      }
    ]
  },
  {
    "kind": "stroke",
    "id": "8cc8cf67-48b4-41fa-b844-96c8ef87a1be",
    "userId": "379f678e-58da-4133-934d-8e6f8cd8e2c1",
    "tool": "brush",
    "color": "#58a6ff",
    "size": 6,
    "path": [
      {
        "x": 676,
        "y": 233.203125,
        "size": 6
      },
      {
        "x": 612.0000610351562,
        "y": 238.203125,
        "size": 6
      },
      {
        "x": 499,
        "y": 250.203125,
        "size": 6
      },
      {
        "x": 444,
        "y": 264.203125,
        "size": 6
      },
      {
        "x": 424,
        "y": 270.203125,
        "size": 6
      },
      {
        "x": 407.00006103515625,
        "y": 282.203125,
        "size": 6
      },
      {
        "x": 400,
        "y": 289.203125,
        "size": 6
      },
      {
        "x": 388,
        "y": 316.2031555175781,
        "size": 6
      },
      {
        "x": 376,
        "y": 385.203125,
        "size": 6
      },
      {
        "x": 406,
        "y": 533.203125,
        "size": 6
      },
      {
        "x": 456,
        "y": 600.203125,
        "size": 6
      },
      {
        "x": 518,
        "y": 640.203125,
        "size": 6
      },
      {
        "x": 630,
        "y": 660.203125,
        "size": 6
      },
      {
        "x": 697.0000610351562,
        "y": 650.203125,
        "size": 6
      },
      {
        "x": 815,
        "y": 572.2031860351562,
        "size": 6
      },
      {
        "x": 893,
        "y": 478.203125,
        "size": 6
      },
      {
        "x": 936,
        "y": 384.203125,
        "size": 6
      },
      {
        "x": 938,
        "y": 353.203125,
        "size": 6
      },
      {
        "x": 931,
        "y": 332.203125,
        "size": 6
      },
      {
        "x": 922,
        "y": 325.203125,
        "size": 6
      },
      {
        "x": 803,
        "y": 291.2031555175781,
        "size": 6
      },
      {
        "x": 684,
        "y": 284.203125,
        "size": 6
      },
      {
        "x": 609,
        "y": 289.203125,
        "size": 6
      },
      {
        "x": 550,
        "y": 309.203125,
        "size": 6
      },
      {
        "x": 534,
        "y": 327.203125,
        "size": 6
      },
      {
        "x": 515,
        "y": 362.203125,
        "size": 6
      },
      {
        "x": 508,
        "y": 394.203125,
        "size": 6
      },
      {
        "x": 512.0000610351562,
        "y": 474.203125,
        "size": 6
      },
      {
        "x": 553,
        "y": 545.203125,
        "size": 6
      },
      {
        "x": 635,
        "y": 600.203125,
        "size": 6
      },
      {
        "x": 724,
        "y": 619.203125,
        "size": 6
      },
      {
        "x": 817,
        "y": 605.203125,
        "size": 6
      },
      {
        "x": 866,
        "y": 580.203125,
        "size": 6
      },
      {
        "x": 911,
        "y": 532.2031860351562,
        "size": 6
      },
      {
        "x": 981,
        "y": 428.203125,
        "size": 6
      },
      {
        "x": 992,
        "y": 383.203125,
        "size": 6
      },
      {
        "x": 991,
        "y": 374.203125,
        "size": 6
      },
      {
        "x": 991,
        "y": 372.203125,
        "size": 6
      },
      {
        "x": 987,
        "y": 373.203125,
        "size": 6
      },
      {
        "x": 984,
        "y": 377.203125,
        "size": 6
      },
      {
        "x": 984,
        "y": 380.203125,
        "size": 6
      },
      {
        "x": 986,
        "y": 388.203125,
        "size": 6
      },
      {
        "x": 1111,
        "y": 533.203125,
        "size": 6
      },
      {
        "x": 1267,
        "y": 642.2031860351562,
        "size": 6
      },
      {
        "x": 1398,
        "y": 672.2031860351562,
        "size": 6
      },
      {
        "x": 1526,
        "y": 627.2031860351562,
        "size": 6
      },
      {
        "x": 1618,
        "y": 520.203125,
        "size": 6
      },
      {
        "x": 1634.0001220703125,
        "y": 417.203125,
        "size": 6
      },
      {
        "x": 1634.0001220703125,
        "y": 336.2031555175781,
        "size": 6
      },
      {
        "x": 1631,
        "y": 320.203125,
        "size": 6
      },
      {
        "x": 1618,
        "y": 307.203125,
        "size": 6
      },
      {
        "x": 1592,
        "y": 293.203125,
        "size": 6
      },
      {
        "x": 1515,
        "y": 254.203125,
        "size": 6
      },
      {
        "x": 1445,
        "y": 237.203125,
        "size": 6
      },
      {
        "x": 1377,
        "y": 234.203125,
        "size": 6
      },
      {
        "x": 1323,
        "y": 238.203125,
        "size": 6
      },
      {
        "x": 1285,
        "y": 248.203125,
        "size": 6
      },
      {
        "x": 1262,
        "y": 264.203125,
        "size": 6
      },
      {
        "x": 1255,
        "y": 270.203125,
        "size": 6
      },
      {
        "x": 1252,
        "y": 279.203125,
        "size": 6
      },
      {
        "x": 1248,
        "y": 286.2031555175781,
        "size": 6
      },
      {
        "x": 1248,
        "y": 294.203125,
        "size": 6
      },
      {
        "x": 1248,
        "y": 299.203125,
        "size": 6
      }
    ]
  },
  {
    "kind": "stroke",
    "id": "51ee1acb-39a4-408a-82a9-28fe3449961d",
    "userId": "379f678e-58da-4133-934d-8e6f8cd8e2c1",
    "tool": "brush",
    "color": "#58a6ff",
    "size": 6,
    "path": [
      {
        "x": 593,
        "y": 162.203125,
        "size": 6
      },
      {
        "x": 571,
        "y": 162.203125,
        "size": 6
      },
      {
        "x": 441,
        "y": 165.203125,
        "size": 6
      },
      {
        "x": 364,
        "y": 174.20314025878906,
        "size": 6
      },
      {
        "x": 296,
        "y": 184.203125,
        "size": 6
      },
      {
        "x": 274,
        "y": 193.203125,
        "size": 6
      },
      {
        "x": 254,
        "y": 205.203125,
        "size": 6
      },
      {
        "x": 245,
        "y": 213.203125,
        "size": 6
      },
      {
        "x": 235,
        "y": 227.203125,
        "size": 6
      },
      {
        "x": 230,
        "y": 236.20315551757812,
        "size": 6
      },
      {
        "x": 216.00003051757812,
        "y": 273.203125,
        "size": 6
      },
      {
        "x": 214,
        "y": 317.203125,
        "size": 6
      },
      {
        "x": 224,
        "y": 376.2031555175781,
        "size": 6
      },
      {
        "x": 260,
        "y": 425.203125,
        "size": 6
      },
      {
        "x": 303,
        "y": 449.203125,
        "size": 6
      },
      {
        "x": 351,
        "y": 452.203125,
        "size": 6
      },
      {
        "x": 374,
        "y": 441.203125,
        "size": 6
      },
      {
        "x": 408,
        "y": 409.203125,
        "size": 6
      },
      {
        "x": 432.00006103515625,
        "y": 357.203125,
        "size": 6
      },
      {
        "x": 432.00006103515625,
        "y": 260.203125,
        "size": 6
      },
      {
        "x": 415,
        "y": 234.203125,
        "size": 6
      },
      {
        "x": 370,
        "y": 209.203125,
        "size": 6
      },
      {
        "x": 344,
        "y": 202.203125,
        "size": 6
      },
      {
        "x": 314,
        "y": 202.203125,
        "size": 6
      },
      {
        "x": 292,
        "y": 213.203125,
        "size": 6
      },
      {
        "x": 280,
        "y": 227.203125,
        "size": 6
      },
      {
        "x": 267,
        "y": 258.203125,
        "size": 6
      },
      {
        "x": 254,
        "y": 294.203125,
        "size": 6
      },
      {
        "x": 246,
        "y": 371.2031555175781,
        "size": 6
      },
      {
        "x": 248,
        "y": 434.203125,
        "size": 6
      },
      {
        "x": 275,
        "y": 504.203125,
        "size": 6
      },
      {
        "x": 303,
        "y": 535.203125,
        "size": 6
      },
      {
        "x": 336,
        "y": 544.203125,
        "size": 6
      },
      {
        "x": 372.00006103515625,
        "y": 536.203125,
        "size": 6
      },
      {
        "x": 400,
        "y": 510.203125,
        "size": 6
      },
      {
        "x": 426,
        "y": 457.203125,
        "size": 6
      },
      {
        "x": 426,
        "y": 444.203125,
        "size": 6
      },
      {
        "x": 425,
        "y": 438.203125,
        "size": 6
      },
      {
        "x": 421,
        "y": 438.203125,
        "size": 6
      },
      {
        "x": 417.00006103515625,
        "y": 438.203125,
        "size": 6
      },
      {
        "x": 412.00006103515625,
        "y": 443.203125,
        "size": 6
      },
      {
        "x": 392.00006103515625,
        "y": 485.203125,
        "size": 6
      },
      {
        "x": 369,
        "y": 590.203125,
        "size": 6
      },
      {
        "x": 366,
        "y": 646.203125,
        "size": 6
      },
      {
        "x": 381,
        "y": 709.203125,
        "size": 6
      },
      {
        "x": 395,
        "y": 735.203125,
        "size": 6
      },
      {
        "x": 423,
        "y": 748.203125,
        "size": 6
      },
      {
        "x": 438,
        "y": 748.203125,
        "size": 6
      },
      {
        "x": 470,
        "y": 740.203125,
        "size": 6
      },
      {
        "x": 493,
        "y": 728.203125,
        "size": 6
      },
      {
        "x": 509,
        "y": 712.2031860351562,
        "size": 6
      },
      {
        "x": 512.0000610351562,
        "y": 708.203125,
        "size": 6
      },
      {
        "x": 512.0000610351562,
        "y": 702.2031860351562,
        "size": 6
      },
      {
        "x": 502.00006103515625,
        "y": 694.203125,
        "size": 6
      },
      {
        "x": 466,
        "y": 682.2031860351562,
        "size": 6
      },
      {
        "x": 366,
        "y": 683.203125,
        "size": 6
      },
      {
        "x": 325,
        "y": 691.203125,
        "size": 6
      },
      {
        "x": 314,
        "y": 700.203125,
        "size": 6
      },
      {
        "x": 311,
        "y": 703.203125,
        "size": 6
      },
      {
        "x": 310,
        "y": 707.2031860351562,
        "size": 6
      },
      {
        "x": 310,
        "y": 710.203125,
        "size": 6
      },
      {
        "x": 311,
        "y": 714.203125,
        "size": 6
      },
      {
        "x": 312,
        "y": 715.203125,
        "size": 6
      },
      {
        "x": 318,
        "y": 717.2031860351562,
        "size": 6
      },
      {
        "x": 325,
        "y": 718.203125,
        "size": 6
      },
      {
        "x": 332,
        "y": 718.203125,
        "size": 6
      }
    ]
  },
  {
    "kind": "stroke",
    "id": "19e10c05-28f3-4dc8-83c7-f0cc6790d268",
    "userId": "5eddb9d7-7b24-4c9c-bf40-4ae01f77e8b1",
    "tool": "brush",
    "color": "#58a6ff",
    "size": 13,
    "path": [
      {
        "x": 746,
        "y": 404.203125,
        "size": 13
      },
      {
        "x": 743,
        "y": 403.203125,
        "size": 13
      },
      {
        "x": 731,
        "y": 397.203125,
        "size": 13
      },
      {
        "x": 670,
        "y": 371.2031555175781,
        "size": 13
      },
      {
        "x": 631,
        "y": 355.203125,
        "size": 13
      },
      {
        "x": 581,
        "y": 338.203125,
        "size": 13
      },
      {
        "x": 564,
        "y": 327.203125,
        "size": 13
      },
      {
        "x": 550,
        "y": 315.203125,
        "size": 13
      },
      {
        "x": 539,
        "y": 304.203125,
        "size": 13
      },
      {
        "x": 534,
        "y": 299.203125,
        "size": 13
      },
      {
        "x": 533,
        "y": 292.203125,
        "size": 13
      },
      {
        "x": 532.0000610351562,
        "y": 287.203125,
        "size": 13
      },
      {
        "x": 534,
        "y": 281.2031555175781,
        "size": 13
      },
      {
        "x": 535,
        "y": 280.203125,
        "size": 13
      },
      {
        "x": 546,
        "y": 273.203125,
        "size": 13
      },
      {
        "x": 554,
        "y": 271.2031555175781,
        "size": 13
      },
      {
        "x": 580,
        "y": 272.203125,
        "size": 13
      },
      {
        "x": 618,
        "y": 280.203125,
        "size": 13
      },
      {
        "x": 682.0000610351562,
        "y": 312.203125,
        "size": 13
      },
      {
        "x": 710,
        "y": 334.203125,
        "size": 13
      },
      {
        "x": 742.0000610351562,
        "y": 380.203125,
        "size": 13
      },
      {
        "x": 746,
        "y": 395.203125,
        "size": 13
      },
      {
        "x": 746,
        "y": 411.2031555175781,
        "size": 13
      },
      {
        "x": 746,
        "y": 423.203125,
        "size": 13
      },
      {
        "x": 745,
        "y": 427.203125,
        "size": 13
      },
      {
        "x": 742.0000610351562,
        "y": 431.2031555175781,
        "size": 13
      },
      {
        "x": 736,
        "y": 436.203125,
        "size": 13
      },
      {
        "x": 726,
        "y": 438.203125,
        "size": 13
      },
      {
        "x": 709,
        "y": 438.203125,
        "size": 13
      },
      {
        "x": 686,
        "y": 435.203125,
        "size": 13
      },
      {
        "x": 672.0000610351562,
        "y": 427.203125,
        "size": 13
      },
      {
        "x": 657.0000610351562,
        "y": 418.203125,
        "size": 13
      },
      {
        "x": 652.0000610351562,
        "y": 409.203125,
        "size": 13
      },
      {
        "x": 650,
        "y": 398.203125,
        "size": 13
      },
      {
        "x": 650,
        "y": 385.203125,
        "size": 13
      },
      {
        "x": 654,
        "y": 376.2031555175781,
        "size": 13
      },
      {
        "x": 687.0000610351562,
        "y": 350.203125,
        "size": 13
      },
      {
        "x": 712.0000610351562,
        "y": 341.2031555175781,
        "size": 13
      },
      {
        "x": 734,
        "y": 339.203125,
        "size": 13
      },
      {
        "x": 743,
        "y": 339.203125,
        "size": 13
      },
      {
        "x": 760,
        "y": 351.2031555175781,
        "size": 13
      },
      {
        "x": 769,
        "y": 362.203125,
        "size": 13
      },
      {
        "x": 777,
        "y": 378.203125,
        "size": 13
      },
      {
        "x": 779,
        "y": 399.203125,
        "size": 13
      },
      {
        "x": 778,
        "y": 410.203125,
        "size": 13
      },
      {
        "x": 773,
        "y": 420.203125,
        "size": 13
      },
      {
        "x": 770,
        "y": 425.203125,
        "size": 13
      },
      {
        "x": 762,
        "y": 430.203125,
        "size": 13
      },
      {
        "x": 749,
        "y": 432.203125,
        "size": 13
      },
      {
        "x": 706,
        "y": 423.203125,
        "size": 13
      },
      {
        "x": 676,
        "y": 406.2031555175781,
        "size": 13
      },
      {
        "x": 655,
        "y": 390.203125,
        "size": 13
      },
      {
        "x": 646,
        "y": 375.203125,
        "size": 13
      },
      {
        "x": 644,
        "y": 365.203125,
        "size": 13
      },
      {
        "x": 644,
        "y": 363.203125,
        "size": 13
      },
      {
        "x": 646,
        "y": 358.203125,
        "size": 13
      },
      {
        "x": 647.0000610351562,
        "y": 357.203125,
        "size": 13
      },
      {
        "x": 649,
        "y": 354.203125,
        "size": 13
      },
      {
        "x": 653,
        "y": 353.203125,
        "size": 13
      },
      {
        "x": 655,
        "y": 351.2031555175781,
        "size": 13
      },
      {
        "x": 657.0000610351562,
        "y": 350.203125,
        "size": 13
      },
      {
        "x": 660,
        "y": 350.203125,
        "size": 13
      },
      {
        "x": 662.0000610351562,
        "y": 352.203125,
        "size": 13
      }
    ]
  },
  {
    "kind": "stroke",
    "id": "90e5a918-72c8-47db-bd31-8876d75f1fa5",
    "userId": "5eddb9d7-7b24-4c9c-bf40-4ae01f77e8b1",
    "tool": "brush",
    "color": "#58a6ff",
    "size": 13,
    "path": [
      {
        "x": 95,
        "y": 369.203125,
        "size": 13
      },
      {
        "x": 116.00003051757812,
        "y": 371.2031555175781,
        "size": 13
      },
      {
        "x": 183,
        "y": 382.203125,
        "size": 13
      },
      {
        "x": 277,
        "y": 394.203125,
        "size": 13
      },
      {
        "x": 297,
        "y": 396.2031555175781,
        "size": 13
      },
      {
        "x": 313,
        "y": 397.203125,
        "size": 13
      },
      {
        "x": 318,
        "y": 397.203125,
        "size": 13
      },
      {
        "x": 322,
        "y": 393.203125,
        "size": 13
      },
      {
        "x": 325,
        "y": 391.2031555175781,
        "size": 13
      },
      {
        "x": 327,
        "y": 387.203125,
        "size": 13
      },
      {
        "x": 324,
        "y": 376.2031555175781,
        "size": 13
      },
      {
        "x": 317,
        "y": 367.203125,
        "size": 13
      },
      {
        "x": 284,
        "y": 342.203125,
        "size": 13
      },
      {
        "x": 273,
        "y": 336.2031555175781,
        "size": 13
      },
      {
        "x": 252,
        "y": 332.203125,
        "size": 13
      },
      {
        "x": 246,
        "y": 332.203125,
        "size": 13
      },
      {
        "x": 238,
        "y": 333.203125,
        "size": 13
      },
      {
        "x": 233,
        "y": 340.203125,
        "size": 13
      },
      {
        "x": 227,
        "y": 347.203125,
        "size": 13
      },
      {
        "x": 219,
        "y": 375.203125,
        "size": 13
      },
      {
        "x": 215,
        "y": 397.203125,
        "size": 13
      },
      {
        "x": 216.00003051757812,
        "y": 426.2031555175781,
        "size": 13
      },
      {
        "x": 218,
        "y": 437.203125,
        "size": 13
      },
      {
        "x": 221.00003051757812,
        "y": 443.203125,
        "size": 13
      },
      {
        "x": 222,
        "y": 445.203125,
        "size": 13
      },
      {
        "x": 223,
        "y": 447.203125,
        "size": 13
      },
      {
        "x": 225,
        "y": 447.203125,
        "size": 13
      },
      {
        "x": 226.00003051757812,
        "y": 447.203125,
        "size": 13
      },
      {
        "x": 228,
        "y": 447.203125,
        "size": 13
      },
      {
        "x": 229,
        "y": 447.203125,
        "size": 13
      },
      {
        "x": 230,
        "y": 447.203125,
        "size": 13
      },
      {
        "x": 232,
        "y": 447.203125,
        "size": 13
      }
    ]
  },
  {
    "kind": "stroke",
    "id": "012151f4-dc27-47b1-a076-9756f8ef28c4",
    "userId": "5eddb9d7-7b24-4c9c-bf40-4ae01f77e8b1",
    "tool": "brush",
    "color": "#58a6ff",
    "size": 11,
    "path": [
      {
        "x": 859,
        "y": 226.20315551757812,
        "size": 11
      },
      {
        "x": 855,
        "y": 226.20315551757812,
        "size": 11
      },
      {
        "x": 844,
        "y": 226.20315551757812,
        "size": 11
      },
      {
        "x": 828,
        "y": 227.203125,
        "size": 11
      },
      {
        "x": 821,
        "y": 229.203125,
        "size": 11
      },
      {
        "x": 804,
        "y": 234.203125,
        "size": 11
      },
      {
        "x": 795,
        "y": 240.203125,
        "size": 11
      },
      {
        "x": 787,
        "y": 248.203125,
        "size": 11
      },
      {
        "x": 782,
        "y": 254.203125,
        "size": 11
      },
      {
        "x": 778,
        "y": 262.203125,
        "size": 11
      },
      {
        "x": 779,
        "y": 281.2031555175781,
        "size": 11
      },
      {
        "x": 781,
        "y": 292.203125,
        "size": 11
      },
      {
        "x": 790,
        "y": 311.2031555175781,
        "size": 11
      },
      {
        "x": 798,
        "y": 318.203125,
        "size": 11
      },
      {
        "x": 804,
        "y": 324.203125,
        "size": 11
      },
      {
        "x": 810,
        "y": 325.203125,
        "size": 11
      },
      {
        "x": 820,
        "y": 325.203125,
        "size": 11
      },
      {
        "x": 826,
        "y": 323.203125,
        "size": 11
      },
      {
        "x": 833,
        "y": 318.203125,
        "size": 11
      },
      {
        "x": 839,
        "y": 297.203125,
        "size": 11
      },
      {
        "x": 839,
        "y": 279.203125,
        "size": 11
      },
      {
        "x": 834,
        "y": 263.203125,
        "size": 11
      },
      {
        "x": 823,
        "y": 246.20315551757812,
        "size": 11
      },
      {
        "x": 813,
        "y": 234.203125,
        "size": 11
      },
      {
        "x": 796,
        "y": 224.203125,
        "size": 11
      },
      {
        "x": 782,
        "y": 220.203125,
        "size": 11
      },
      {
        "x": 769,
        "y": 218.203125,
        "size": 11
      },
      {
        "x": 761,
        "y": 218.203125,
        "size": 11
      },
      {
        "x": 751,
        "y": 221.20315551757812,
        "size": 11
      },
      {
        "x": 743,
        "y": 231.20315551757812,
        "size": 11
      },
      {
        "x": 735,
        "y": 240.203125,
        "size": 11
      },
      {
        "x": 732.0000610351562,
        "y": 251.20315551757812,
        "size": 11
      },
      {
        "x": 728,
        "y": 272.203125,
        "size": 11
      },
      {
        "x": 728,
        "y": 282.203125,
        "size": 11
      },
      {
        "x": 728,
        "y": 290.203125,
        "size": 11
      },
      {
        "x": 730,
        "y": 295.203125,
        "size": 11
      },
      {
        "x": 731,
        "y": 299.203125,
        "size": 11
      },
      {
        "x": 731,
        "y": 299.203125,
        "size": 11
      },
      {
        "x": 733,
        "y": 299.203125,
        "size": 11
      },
      {
        "x": 734,
        "y": 297.203125,
        "size": 11
      },
      {
        "x": 734,
        "y": 293.203125,
        "size": 11
      },
      {
        "x": 732.0000610351562,
        "y": 288.203125,
        "size": 11
      },
      {
        "x": 724,
        "y": 278.203125,
        "size": 11
      },
      {
        "x": 717.0000610351562,
        "y": 273.203125,
        "size": 11
      },
      {
        "x": 704,
        "y": 268.203125,
        "size": 11
      },
      {
        "x": 693,
        "y": 266.2031555175781,
        "size": 11
      },
      {
        "x": 683,
        "y": 266.2031555175781,
        "size": 11
      },
      {
        "x": 660,
        "y": 275.203125,
        "size": 11
      },
      {
        "x": 644,
        "y": 283.203125,
        "size": 11
      },
      {
        "x": 617.0000610351562,
        "y": 311.2031555175781,
        "size": 11
      },
      {
        "x": 607.0000610351562,
        "y": 322.203125,
        "size": 11
      },
      {
        "x": 595,
        "y": 342.203125,
        "size": 11
      },
      {
        "x": 592.0000610351562,
        "y": 348.203125,
        "size": 11
      },
      {
        "x": 588,
        "y": 358.203125,
        "size": 11
      },
      {
        "x": 587.0000610351562,
        "y": 363.203125,
        "size": 11
      },
      {
        "x": 588,
        "y": 369.203125,
        "size": 11
      },
      {
        "x": 590,
        "y": 375.203125,
        "size": 11
      }
    ]
  },
  {
    "kind": "stroke",
    "id": "b6f0f766-3bac-4211-b19b-aa0f656ef663",
    "userId": "5eddb9d7-7b24-4c9c-bf40-4ae01f77e8b1",
    "tool": "brush",
    "color": "#58a6ff",
    "size": 11,
    "path": [
      {
        "x": 236,
        "y": 214.203125,
        "size": 11
      },
      {
        "x": 241,
        "y": 217.203125,
        "size": 11
      },
      {
        "x": 261,
        "y": 234.203125,
        "size": 11
      },
      {
        "x": 274,
        "y": 248.203125,
        "size": 11
      },
      {
        "x": 295,
        "y": 267.203125,
        "size": 11
      },
      {
        "x": 312,
        "y": 284.203125,
        "size": 11
      },
      {
        "x": 321,
        "y": 293.203125,
        "size": 11
      },
      {
        "x": 334,
        "y": 306.2031555175781,
        "size": 11
      },
      {
        "x": 344,
        "y": 314.203125,
        "size": 11
      },
      {
        "x": 357.00006103515625,
        "y": 327.203125,
        "size": 11
      },
      {
        "x": 364,
        "y": 332.203125,
        "size": 11
      },
      {
        "x": 372.00006103515625,
        "y": 341.2031555175781,
        "size": 11
      },
      {
        "x": 374,
        "y": 344.203125,
        "size": 11
      },
      {
        "x": 378,
        "y": 347.203125,
        "size": 11
      }
    ]
  },
  {
    "kind": "stroke",
    "id": "c6d76cc3-4cf0-4eee-8aaa-6f3347a176e9",
    "userId": "5eddb9d7-7b24-4c9c-bf40-4ae01f77e8b1",
    "tool": "brush",
    "color": "#58a6ff",
    "size": 11,
    "path": [
      {
        "x": 813,
        "y": 181.20315551757812,
        "size": 11
      },
      {
        "x": 789,
        "y": 187.203125,
        "size": 11
      },
      {
        "x": 734,
        "y": 206.20315551757812,
        "size": 11
      },
      {
        "x": 634,
        "y": 244.203125,
        "size": 11
      },
      {
        "x": 578,
        "y": 269.203125,
        "size": 11
      },
      {
        "x": 485,
        "y": 316.2031555175781,
        "size": 11
      },
      {
        "x": 432.00006103515625,
        "y": 349.203125,
        "size": 11
      },
      {
        "x": 377.00006103515625,
        "y": 389.203125,
        "size": 11
      },
      {
        "x": 328,
        "y": 413.203125,
        "size": 11
      },
      {
        "x": 271,
        "y": 434.203125,
        "size": 11
      },
      {
        "x": 233,
        "y": 444.203125,
        "size": 11
      },
      {
        "x": 208,
        "y": 447.203125,
        "size": 11
      },
      {
        "x": 185,
        "y": 444.203125,
        "size": 11
      },
      {
        "x": 171.00003051757812,
        "y": 434.203125,
        "size": 11
      },
      {
        "x": 152,
        "y": 408.203125,
        "size": 11
      },
      {
        "x": 140,
        "y": 385.203125,
        "size": 11
      },
      {
        "x": 133,
        "y": 351.2031555175781,
        "size": 11
      },
      {
        "x": 131.00003051757812,
        "y": 340.203125,
        "size": 11
      },
      {
        "x": 133,
        "y": 333.203125,
        "size": 11
      },
      {
        "x": 140,
        "y": 325.203125,
        "size": 11
      },
      {
        "x": 163,
        "y": 317.203125,
        "size": 11
      },
      {
        "x": 290,
        "y": 285.203125,
        "size": 11
      },
      {
        "x": 405,
        "y": 270.203125,
        "size": 11
      },
      {
        "x": 473,
        "y": 275.203125,
        "size": 11
      },
      {
        "x": 518,
        "y": 288.203125,
        "size": 11
      },
      {
        "x": 562.0000610351562,
        "y": 313.203125,
        "size": 11
      },
      {
        "x": 586,
        "y": 329.203125,
        "size": 11
      },
      {
        "x": 601,
        "y": 347.203125,
        "size": 11
      },
      {
        "x": 605,
        "y": 356.2031555175781,
        "size": 11
      },
      {
        "x": 607.0000610351562,
        "y": 364.203125,
        "size": 11
      },
      {
        "x": 608,
        "y": 376.2031555175781,
        "size": 11
      },
      {
        "x": 608,
        "y": 381.2031555175781,
        "size": 11
      },
      {
        "x": 608,
        "y": 385.203125,
        "size": 11
      },
      {
        "x": 605,
        "y": 386.2031555175781,
        "size": 11
      },
      {
        "x": 604,
        "y": 383.203125,
        "size": 11
      },
      {
        "x": 600,
        "y": 359.203125,
        "size": 11
      },
      {
        "x": 600,
        "y": 281.2031555175781,
        "size": 11
      },
      {
        "x": 612.0000610351562,
        "y": 146.203125,
        "size": 11
      },
      {
        "x": 615,
        "y": 90.203125,
        "size": 11
      },
      {
        "x": 613,
        "y": 52.203125,
        "size": 11
      },
      {
        "x": 609,
        "y": 38.20314025878906,
        "size": 11
      },
      {
        "x": 606,
        "y": 30.203125,
        "size": 11
      },
      {
        "x": 603,
        "y": 26.203125,
        "size": 11
      },
      {
        "x": 598,
        "y": 24.203125,
        "size": 11
      },
      {
        "x": 586,
        "y": 25.203125,
        "size": 11
      },
      {
        "x": 577.0000610351562,
        "y": 27.20313262939453,
        "size": 11
      },
      {
        "x": 560,
        "y": 38.20314025878906,
        "size": 11
      },
      {
        "x": 549,
        "y": 50.203125,
        "size": 11
      },
      {
        "x": 520,
        "y": 110.203125,
        "size": 11
      },
      {
        "x": 504,
        "y": 159.20314025878906,
        "size": 11
      },
      {
        "x": 499,
        "y": 213.203125,
        "size": 11
      },
      {
        "x": 506,
        "y": 254.203125,
        "size": 11
      },
      {
        "x": 529,
        "y": 301.2031555175781,
        "size": 11
      },
      {
        "x": 540,
        "y": 324.203125,
        "size": 11
      },
      {
        "x": 551,
        "y": 345.203125,
        "size": 11
      },
      {
        "x": 559,
        "y": 359.203125,
        "size": 11
      },
      {
        "x": 560,
        "y": 368.203125,
        "size": 11
      },
      {
        "x": 564,
        "y": 378.203125,
        "size": 11
      },
      {
        "x": 564,
        "y": 384.203125,
        "size": 11
      },
      {
        "x": 564,
        "y": 392.203125,
        "size": 11
      },
      {
        "x": 564,
        "y": 399.203125,
        "size": 11
      },
      {
        "x": 562.0000610351562,
        "y": 406.2031555175781,
        "size": 11
      },
      {
        "x": 557.0000610351562,
        "y": 409.203125,
        "size": 11
      },
      {
        "x": 551,
        "y": 409.203125,
        "size": 11
      },
      {
        "x": 503,
        "y": 379.203125,
        "size": 11
      },
      {
        "x": 429,
        "y": 259.203125,
        "size": 11
      },
      {
        "x": 383,
        "y": 134.203125,
        "size": 11
      },
      {
        "x": 375,
        "y": 80.203125,
        "size": 11
      },
      {
        "x": 373,
        "y": 45.203125,
        "size": 11
      },
      {
        "x": 373,
        "y": 41.203125,
        "size": 11
      },
      {
        "x": 373,
        "y": 38.20314025878906,
        "size": 11
      },
      {
        "x": 383,
        "y": 38.20314025878906,
        "size": 11
      },
      {
        "x": 492.00006103515625,
        "y": 59.203125,
        "size": 11
      },
      {
        "x": 674,
        "y": 103.20314025878906,
        "size": 11
      },
      {
        "x": 775,
        "y": 146.203125,
        "size": 11
      },
      {
        "x": 912,
        "y": 220.203125,
        "size": 11
      },
      {
        "x": 958,
        "y": 244.203125,
        "size": 11
      },
      {
        "x": 1002,
        "y": 272.203125,
        "size": 11
      },
      {
        "x": 1022,
        "y": 278.203125,
        "size": 11
      },
      {
        "x": 1036,
        "y": 283.203125,
        "size": 11
      },
      {
        "x": 1040,
        "y": 283.203125,
        "size": 11
      },
      {
        "x": 1043,
        "y": 283.203125,
        "size": 11
      },
      {
        "x": 1045,
        "y": 280.203125,
        "size": 11
      },
      {
        "x": 1048,
        "y": 272.203125,
        "size": 11
      },
      {
        "x": 1050,
        "y": 263.203125,
        "size": 11
      },
      {
        "x": 1052,
        "y": 246.20315551757812,
        "size": 11
      },
      {
        "x": 1045,
        "y": 176.20315551757812,
        "size": 11
      },
      {
        "x": 1007,
        "y": 115.203125,
        "size": 11
      },
      {
        "x": 956,
        "y": 84.203125,
        "size": 11
      },
      {
        "x": 932,
        "y": 84.203125,
        "size": 11
      },
      {
        "x": 896,
        "y": 90.203125,
        "size": 11
      },
      {
        "x": 847,
        "y": 123.20314025878906,
        "size": 11
      },
      {
        "x": 784,
        "y": 177.203125,
        "size": 11
      },
      {
        "x": 755,
        "y": 214.203125,
        "size": 11
      },
      {
        "x": 731,
        "y": 257.203125,
        "size": 11
      },
      {
        "x": 710,
        "y": 320.203125,
        "size": 11
      },
      {
        "x": 701,
        "y": 362.203125,
        "size": 11
      },
      {
        "x": 698,
        "y": 381.2031555175781,
        "size": 11
      },
      {
        "x": 698,
        "y": 392.203125,
        "size": 11
      },
      {
        "x": 699,
        "y": 398.203125,
        "size": 11
      },
      {
        "x": 699,
        "y": 401.2031555175781,
        "size": 11
      },
      {
        "x": 699,
        "y": 402.203125,
        "size": 11
      },
      {
        "x": 698,
        "y": 404.203125,
        "size": 11
      },
      {
        "x": 694,
        "y": 403.203125,
        "size": 11
      },
      {
        "x": 689,
        "y": 400.203125,
        "size": 11
      },
      {
        "x": 668,
        "y": 395.203125,
        "size": 11
      },
      {
        "x": 655,
        "y": 391.2031555175781,
        "size": 11
      },
      {
        "x": 644,
        "y": 387.203125,
        "size": 11
      },
      {
        "x": 627.0000610351562,
        "y": 383.203125,
        "size": 11
      },
      {
        "x": 623,
        "y": 382.203125,
        "size": 11
      },
      {
        "x": 618,
        "y": 380.203125,
        "size": 11
      },
      {
        "x": 615,
        "y": 379.203125,
        "size": 11
      },
      {
        "x": 617.0000610351562,
        "y": 374.203125,
        "size": 11
      },
      {
        "x": 639,
        "y": 368.203125,
        "size": 11
      },
      {
        "x": 946,
        "y": 351.2031555175781,
        "size": 11
      },
      {
        "x": 1067,
        "y": 360.203125,
        "size": 11
      },
      {
        "x": 1165,
        "y": 374.203125,
        "size": 11
      },
      {
        "x": 1262,
        "y": 387.203125,
        "size": 11
      },
      {
        "x": 1299.0001220703125,
        "y": 387.203125,
        "size": 11
      },
      {
        "x": 1326,
        "y": 384.203125,
        "size": 11
      },
      {
        "x": 1329.0001220703125,
        "y": 383.203125,
        "size": 11
      },
      {
        "x": 1329.0001220703125,
        "y": 376.2031555175781,
        "size": 11
      },
      {
        "x": 1314.0001220703125,
        "y": 341.2031555175781,
        "size": 11
      },
      {
        "x": 1221,
        "y": 233.203125,
        "size": 11
      },
      {
        "x": 1148,
        "y": 194.203125,
        "size": 11
      },
      {
        "x": 1078,
        "y": 189.203125,
        "size": 11
      },
      {
        "x": 1040,
        "y": 195.203125,
        "size": 11
      },
      {
        "x": 1002,
        "y": 211.20315551757812,
        "size": 11
      },
      {
        "x": 980,
        "y": 239.203125,
        "size": 11
      },
      {
        "x": 968,
        "y": 262.203125,
        "size": 11
      },
      {
        "x": 940,
        "y": 319.203125,
        "size": 11
      },
      {
        "x": 927,
        "y": 357.203125,
        "size": 11
      },
      {
        "x": 913,
        "y": 398.203125,
        "size": 11
      },
      {
        "x": 911,
        "y": 409.203125,
        "size": 11
      },
      {
        "x": 907,
        "y": 423.203125,
        "size": 11
      },
      {
        "x": 906,
        "y": 427.203125,
        "size": 11
      },
      {
        "x": 904,
        "y": 432.203125,
        "size": 11
      },
      {
        "x": 903,
        "y": 433.203125,
        "size": 11
      },
      {
        "x": 902,
        "y": 433.203125,
        "size": 11
      },
      {
        "x": 899,
        "y": 431.2031555175781,
        "size": 11
      },
      {
        "x": 899,
        "y": 431.2031555175781,
        "size": 11
      },
      {
        "x": 896,
        "y": 430.203125,
        "size": 11
      },
      {
        "x": 894,
        "y": 430.203125,
        "size": 11
      },
      {
        "x": 890,
        "y": 437.203125,
        "size": 11
      },
      {
        "x": 882,
        "y": 446.203125,
        "size": 11
      },
      {
        "x": 869,
        "y": 471.203125,
        "size": 11
      },
      {
        "x": 854,
        "y": 497.20318603515625,
        "size": 11
      },
      {
        "x": 848,
        "y": 506.203125,
        "size": 11
      },
      {
        "x": 843,
        "y": 516.203125,
        "size": 11
      },
      {
        "x": 840,
        "y": 521.203125,
        "size": 11
      },
      {
        "x": 836,
        "y": 525.203125,
        "size": 11
      },
      {
        "x": 829,
        "y": 527.2031860351562,
        "size": 11
      },
      {
        "x": 815,
        "y": 534.203125,
        "size": 11
      },
      {
        "x": 800,
        "y": 534.203125,
        "size": 11
      },
      {
        "x": 753,
        "y": 523.203125,
        "size": 11
      },
      {
        "x": 724,
        "y": 508.203125,
        "size": 11
      },
      {
        "x": 690,
        "y": 482.20318603515625,
        "size": 11
      },
      {
        "x": 661,
        "y": 443.203125,
        "size": 11
      },
      {
        "x": 645,
        "y": 407.203125,
        "size": 11
      },
      {
        "x": 637.0000610351562,
        "y": 374.203125,
        "size": 11
      },
      {
        "x": 637.0000610351562,
        "y": 365.203125,
        "size": 11
      },
      {
        "x": 637.0000610351562,
        "y": 359.203125,
        "size": 11
      },
      {
        "x": 643,
        "y": 355.203125,
        "size": 11
      },
      {
        "x": 713,
        "y": 334.203125,
        "size": 11
      },
      {
        "x": 776,
        "y": 339.203125,
        "size": 11
      },
      {
        "x": 851,
        "y": 368.203125,
        "size": 11
      },
      {
        "x": 872,
        "y": 385.203125,
        "size": 11
      },
      {
        "x": 890,
        "y": 401.2031555175781,
        "size": 11
      },
      {
        "x": 899,
        "y": 416.2031555175781,
        "size": 11
      },
      {
        "x": 902,
        "y": 420.203125,
        "size": 11
      },
      {
        "x": 904,
        "y": 423.203125,
        "size": 11
      },
      {
        "x": 904,
        "y": 424.203125,
        "size": 11
      },
      {
        "x": 904,
        "y": 426.2031555175781,
        "size": 11
      },
      {
        "x": 903,
        "y": 426.2031555175781,
        "size": 11
      },
      {
        "x": 902,
        "y": 425.203125,
        "size": 11
      }
    ]
  },
  {
    "kind": "stroke",
    "id": "5119114e-13bf-47a0-8a7a-cd26b56b0afc",
    "userId": "5eddb9d7-7b24-4c9c-bf40-4ae01f77e8b1",
    "tool": "brush",
    "color": "#58a6ff",
    "size": 11,
    "path": [
      {
        "x": 617.0000610351562,
        "y": 462.203125,
        "size": 11
      },
      {
        "x": 552.0000610351562,
        "y": 449.203125,
        "size": 11
      },
      {
        "x": 466,
        "y": 433.203125,
        "size": 11
      },
      {
        "x": 387.00006103515625,
        "y": 408.203125,
        "size": 11
      },
      {
        "x": 352,
        "y": 393.203125,
        "size": 11
      },
      {
        "x": 325,
        "y": 376.2031555175781,
        "size": 11
      },
      {
        "x": 300,
        "y": 357.203125,
        "size": 11
      },
      {
        "x": 294,
        "y": 350.203125,
        "size": 11
      },
      {
        "x": 291,
        "y": 340.203125,
        "size": 11
      },
      {
        "x": 291,
        "y": 335.203125,
        "size": 11
      },
      {
        "x": 293,
        "y": 329.203125,
        "size": 11
      },
      {
        "x": 302,
        "y": 322.203125,
        "size": 11
      },
      {
        "x": 366,
        "y": 290.203125,
        "size": 11
      },
      {
        "x": 509,
        "y": 248.203125,
        "size": 11
      },
      {
        "x": 550,
        "y": 246.20315551757812,
        "size": 11
      },
      {
        "x": 587.0000610351562,
        "y": 256.2031555175781,
        "size": 11
      },
      {
        "x": 594,
        "y": 263.203125,
        "size": 11
      },
      {
        "x": 603,
        "y": 275.203125,
        "size": 11
      },
      {
        "x": 605,
        "y": 286.2031555175781,
        "size": 11
      },
      {
        "x": 605,
        "y": 314.203125,
        "size": 11
      },
      {
        "x": 602.0000610351562,
        "y": 328.203125,
        "size": 11
      },
      {
        "x": 595,
        "y": 342.203125,
        "size": 11
      },
      {
        "x": 570,
        "y": 361.2031555175781,
        "size": 11
      },
      {
        "x": 506,
        "y": 390.203125,
        "size": 11
      },
      {
        "x": 478,
        "y": 395.203125,
        "size": 11
      },
      {
        "x": 451,
        "y": 394.203125,
        "size": 11
      },
      {
        "x": 421,
        "y": 374.203125,
        "size": 11
      },
      {
        "x": 402.00006103515625,
        "y": 350.203125,
        "size": 11
      },
      {
        "x": 383,
        "y": 315.203125,
        "size": 11
      },
      {
        "x": 378,
        "y": 293.203125,
        "size": 11
      },
      {
        "x": 377.00006103515625,
        "y": 281.2031555175781,
        "size": 11
      },
      {
        "x": 380,
        "y": 278.203125,
        "size": 11
      },
      {
        "x": 394,
        "y": 271.2031555175781,
        "size": 11
      },
      {
        "x": 426,
        "y": 264.203125,
        "size": 11
      },
      {
        "x": 493,
        "y": 268.203125,
        "size": 11
      },
      {
        "x": 529,
        "y": 281.2031555175781,
        "size": 11
      },
      {
        "x": 550,
        "y": 302.203125,
        "size": 11
      },
      {
        "x": 557.0000610351562,
        "y": 321.2031555175781,
        "size": 11
      },
      {
        "x": 559,
        "y": 346.2031555175781,
        "size": 11
      },
      {
        "x": 556,
        "y": 370.203125,
        "size": 11
      },
      {
        "x": 554,
        "y": 381.2031555175781,
        "size": 11
      },
      {
        "x": 549,
        "y": 391.2031555175781,
        "size": 11
      },
      {
        "x": 546,
        "y": 395.203125,
        "size": 11
      },
      {
        "x": 543,
        "y": 403.203125,
        "size": 11
      },
      {
        "x": 541,
        "y": 403.203125,
        "size": 11
      },
      {
        "x": 537.0000610351562,
        "y": 407.203125,
        "size": 11
      },
      {
        "x": 536,
        "y": 407.203125,
        "size": 11
      }
    ]
  },
  {
    "kind": "stroke",
    "id": "93e1f64e-17c2-49fd-bb27-814b98de0dce",
    "userId": "5eddb9d7-7b24-4c9c-bf40-4ae01f77e8b1",
    "tool": "brush",
    "color": "#58a6ff",
    "size": 11,
    "path": [
      {
        "x": 170,
        "y": 215.203125,
        "size": 11
      },
      {
        "x": 183,
        "y": 205.203125,
        "size": 11
      },
      {
        "x": 205,
        "y": 194.203125,
        "size": 11
      },
      {
        "x": 236,
        "y": 183.203125,
        "size": 11
      },
      {
        "x": 273,
        "y": 178.203125,
        "size": 11
      },
      {
        "x": 310,
        "y": 178.203125,
        "size": 11
      },
      {
        "x": 368,
        "y": 183.203125,
        "size": 11
      },
      {
        "x": 396,
        "y": 190.203125,
        "size": 11
      },
      {
        "x": 420,
        "y": 198.203125,
        "size": 11
      },
      {
        "x": 429,
        "y": 199.203125,
        "size": 11
      },
      {
        "x": 446,
        "y": 205.203125,
        "size": 11
      },
      {
        "x": 457.00006103515625,
        "y": 209.203125,
        "size": 11
      },
      {
        "x": 466,
        "y": 210.203125,
        "size": 11
      },
      {
        "x": 471,
        "y": 210.203125,
        "size": 11
      },
      {
        "x": 474,
        "y": 210.203125,
        "size": 11
      },
      {
        "x": 475,
        "y": 210.203125,
        "size": 11
      },
      {
        "x": 475,
        "y": 207.203125,
        "size": 11
      },
      {
        "x": 466,
        "y": 184.203125,
        "size": 11
      },
      {
        "x": 434,
        "y": 144.203125,
        "size": 11
      },
      {
        "x": 287,
        "y": 61.203125,
        "size": 11
      },
      {
        "x": 196.00003051757812,
        "y": 43.20314025878906,
        "size": 11
      },
      {
        "x": 87,
        "y": 40.203125,
        "size": 11
      },
      {
        "x": 43,
        "y": 47.20313262939453,
        "size": 11
      },
      {
        "x": 12,
        "y": 60.203125,
        "size": 11
      },
      {
        "x": -5,
        "y": 69.203125,
        "size": 11
      },
      {
        "x": -21,
        "y": 90.203125,
        "size": 11
      },
      {
        "x": -29,
        "y": 101.203125,
        "size": 11
      },
      {
        "x": -31,
        "y": 108.20314025878906,
        "size": 11
      },
      {
        "x": -33,
        "y": 115.203125,
        "size": 11
      },
      {
        "x": -33,
        "y": 118.20314025878906,
        "size": 11
      },
      {
        "x": -31,
        "y": 128.20314025878906,
        "size": 11
      },
      {
        "x": -26,
        "y": 134.203125,
        "size": 11
      },
      {
        "x": -11,
        "y": 147.203125,
        "size": 11
      },
      {
        "x": 27,
        "y": 167.203125,
        "size": 11
      },
      {
        "x": 94,
        "y": 202.203125,
        "size": 11
      },
      {
        "x": 156.00003051757812,
        "y": 219.203125,
        "size": 11
      },
      {
        "x": 207,
        "y": 221.20315551757812,
        "size": 11
      },
      {
        "x": 253,
        "y": 221.20315551757812,
        "size": 11
      },
      {
        "x": 278,
        "y": 218.203125,
        "size": 11
      },
      {
        "x": 306,
        "y": 205.203125,
        "size": 11
      },
      {
        "x": 313,
        "y": 203.203125,
        "size": 11
      },
      {
        "x": 321,
        "y": 197.203125,
        "size": 11
      },
      {
        "x": 328,
        "y": 195.203125,
        "size": 11
      },
      {
        "x": 330,
        "y": 195.203125,
        "size": 11
      },
      {
        "x": 333,
        "y": 195.203125,
        "size": 11
      },
      {
        "x": 336,
        "y": 197.203125,
        "size": 11
      },
      {
        "x": 341,
        "y": 204.203125,
        "size": 11
      },
      {
        "x": 346,
        "y": 215.203125,
        "size": 11
      },
      {
        "x": 360,
        "y": 245.203125,
        "size": 11
      },
      {
        "x": 364,
        "y": 259.203125,
        "size": 11
      },
      {
        "x": 375,
        "y": 295.203125,
        "size": 11
      },
      {
        "x": 383,
        "y": 314.203125,
        "size": 11
      },
      {
        "x": 391,
        "y": 336.2031555175781,
        "size": 11
      },
      {
        "x": 399,
        "y": 345.203125,
        "size": 11
      },
      {
        "x": 407.00006103515625,
        "y": 351.2031555175781,
        "size": 11
      },
      {
        "x": 412.00006103515625,
        "y": 354.203125,
        "size": 11
      },
      {
        "x": 428,
        "y": 356.2031555175781,
        "size": 11
      },
      {
        "x": 439,
        "y": 355.203125,
        "size": 11
      },
      {
        "x": 460,
        "y": 351.2031555175781,
        "size": 11
      },
      {
        "x": 470,
        "y": 349.203125,
        "size": 11
      },
      {
        "x": 480,
        "y": 347.203125,
        "size": 11
      },
      {
        "x": 493,
        "y": 344.203125,
        "size": 11
      },
      {
        "x": 506,
        "y": 342.203125,
        "size": 11
      },
      {
        "x": 548,
        "y": 335.203125,
        "size": 11
      },
      {
        "x": 589,
        "y": 328.203125,
        "size": 11
      },
      {
        "x": 664,
        "y": 312.203125,
        "size": 11
      },
      {
        "x": 695,
        "y": 304.203125,
        "size": 11
      },
      {
        "x": 721,
        "y": 291.2031555175781,
        "size": 11
      },
      {
        "x": 728,
        "y": 291.2031555175781,
        "size": 11
      },
      {
        "x": 732.0000610351562,
        "y": 291.2031555175781,
        "size": 11
      },
      {
        "x": 735,
        "y": 292.203125,
        "size": 11
      },
      {
        "x": 737.0000610351562,
        "y": 293.203125,
        "size": 11
      },
      {
        "x": 735,
        "y": 298.203125,
        "size": 11
      },
      {
        "x": 730,
        "y": 301.2031555175781,
        "size": 11
      },
      {
        "x": 721,
        "y": 304.203125,
        "size": 11
      },
      {
        "x": 708,
        "y": 306.2031555175781,
        "size": 11
      }
    ]
  },
  {
    "kind": "stroke",
    "id": "7f204d01-c66d-4f1e-acdc-b43fc72d5e2d",
    "userId": "5eddb9d7-7b24-4c9c-bf40-4ae01f77e8b1",
    "tool": "brush",
    "color": "#58a6ff",
    "size": 11,
    "path": [
      {
        "x": 1168,
        "y": 163.203125,
        "size": 11
      },
      {
        "x": 1210,
        "y": 150.203125,
        "size": 11
      },
      {
        "x": 1257,
        "y": 148.20314025878906,
        "size": 11
      },
      {
        "x": 1317,
        "y": 152.203125,
        "size": 11
      },
      {
        "x": 1357,
        "y": 166.20315551757812,
        "size": 11
      },
      {
        "x": 1368,
        "y": 172.203125,
        "size": 11
      },
      {
        "x": 1381,
        "y": 181.20315551757812,
        "size": 11
      },
      {
        "x": 1385,
        "y": 187.203125,
        "size": 11
      },
      {
        "x": 1397,
        "y": 213.203125,
        "size": 11
      },
      {
        "x": 1402,
        "y": 245.203125,
        "size": 11
      },
      {
        "x": 1406,
        "y": 299.203125,
        "size": 11
      },
      {
        "x": 1395,
        "y": 354.203125,
        "size": 11
      },
      {
        "x": 1378,
        "y": 401.2031555175781,
        "size": 11
      },
      {
        "x": 1363,
        "y": 415.203125,
        "size": 11
      },
      {
        "x": 1356,
        "y": 421.2031555175781,
        "size": 11
      },
      {
        "x": 1330,
        "y": 422.203125,
        "size": 11
      },
      {
        "x": 1291,
        "y": 422.203125,
        "size": 11
      },
      {
        "x": 1206,
        "y": 402.203125,
        "size": 11
      },
      {
        "x": 1180,
        "y": 387.203125,
        "size": 11
      },
      {
        "x": 1157,
        "y": 358.203125,
        "size": 11
      },
      {
        "x": 1157,
        "y": 343.203125,
        "size": 11
      },
      {
        "x": 1158,
        "y": 322.203125,
        "size": 11
      },
      {
        "x": 1169.0001220703125,
        "y": 297.203125,
        "size": 11
      },
      {
        "x": 1198,
        "y": 263.203125,
        "size": 11
      },
      {
        "x": 1355,
        "y": 184.203125,
        "size": 11
      },
      {
        "x": 1455,
        "y": 167.203125,
        "size": 11
      },
      {
        "x": 1499.0001220703125,
        "y": 168.203125,
        "size": 11
      },
      {
        "x": 1527,
        "y": 175.203125,
        "size": 11
      },
      {
        "x": 1547,
        "y": 189.203125,
        "size": 11
      },
      {
        "x": 1558,
        "y": 205.203125,
        "size": 11
      },
      {
        "x": 1564.0001220703125,
        "y": 235.203125,
        "size": 11
      },
      {
        "x": 1563,
        "y": 256.2031555175781,
        "size": 11
      },
      {
        "x": 1554.0001220703125,
        "y": 286.2031555175781,
        "size": 11
      },
      {
        "x": 1547,
        "y": 297.203125,
        "size": 11
      },
      {
        "x": 1538,
        "y": 308.203125,
        "size": 11
      },
      {
        "x": 1528,
        "y": 323.203125,
        "size": 11
      },
      {
        "x": 1514.0001220703125,
        "y": 335.203125,
        "size": 11
      },
      {
        "x": 1491,
        "y": 354.203125,
        "size": 11
      },
      {
        "x": 1467,
        "y": 368.203125,
        "size": 11
      },
      {
        "x": 1449.0001220703125,
        "y": 376.2031555175781,
        "size": 11
      },
      {
        "x": 1440,
        "y": 382.203125,
        "size": 11
      },
      {
        "x": 1433,
        "y": 383.203125,
        "size": 11
      },
      {
        "x": 1431,
        "y": 383.203125,
        "size": 11
      },
      {
        "x": 1427,
        "y": 383.203125,
        "size": 11
      },
      {
        "x": 1425,
        "y": 383.203125,
        "size": 11
      },
      {
        "x": 1424.0001220703125,
        "y": 383.203125,
        "size": 11
      },
      {
        "x": 1421,
        "y": 383.203125,
        "size": 11
      },
      {
        "x": 1420,
        "y": 383.203125,
        "size": 11
      },
      {
        "x": 1418,
        "y": 381.2031555175781,
        "size": 11
      },
      {
        "x": 1417,
        "y": 380.203125,
        "size": 11
      },
      {
        "x": 1417,
        "y": 379.203125,
        "size": 11
      },
      {
        "x": 1417,
        "y": 377.203125,
        "size": 11
      }
    ]
  }
]